Accession,Residue,BepiPred-3.0 score,BepiPred-3.0 linear epitope score
Gc,D,0.025578469038009644, 0.023453803526030645
Gc,E,0.05839813873171806, 0.028860742847124737
Gc,D,0.04966474696993828, 0.03521331399679184
Gc,C,0.025551125407218933, 0.0407024510204792
Gc,L,0.0518917515873909, 0.04470923501584265
Gc,S,0.0486624538898468, 0.049599919468164444
Gc,K,0.05717314034700394, 0.04955634681714906
Gc,D,0.049402233213186264, 0.04923318326473236
Gc,I,0.03606105595827103, 0.05226650627122985
Gc,K,0.06959462910890579, 0.053782177054219775
Gc,I,0.058005984872579575, 0.054712175909015864
Gc,T,0.04675627499818802, 0.05312248567740122
Gc,Y,0.052851032465696335, 0.05472258850932121
Gc,Q,0.06553278863430023, 0.05911716694633166
Gc,E,0.05703244358301163, 0.054363141457239784
Gc,L,0.04286592826247215, 0.052814287030034594
Gc,H,0.06380315870046616, 0.05300660265816583
Gc,N,0.07561226189136505, 0.05294932425022125
Gc,C,0.026808399707078934, 0.05241267507274946
Gc,I,0.04406629502773285, 0.05095562214652697
Gc,G,0.048487115651369095, 0.0529194540447659
Gc,P,0.052335526794195175, 0.05248913003338708
Gc,K,0.06070294603705406, 0.052559342649247914
Gc,I,0.04391896724700928, 0.05685502249333593
Gc,M,0.06054041534662247, 0.05578744990958108
Gc,G,0.05993024259805679, 0.05608060128158993
Gc,D,0.07624417543411255, 0.056152594172292285
Gc,T,0.06546951830387115, 0.055960011978944145
Gc,C,0.03445814177393913, 0.056452364143398076
Gc,V,0.051125477999448776, 0.05908011438118087
Gc,S,0.05298346281051636, 0.05755665194657114
Gc,K,0.058969706296920776, 0.056128686086999044
Gc,S,0.04835013672709465, 0.055411545352803335
Gc,E,0.08419016748666763, 0.057830666916237936
Gc,L,0.046219080686569214, 0.05621507970823182
Gc,Y,0.06339248269796371, 0.0589069239795208
Gc,S,0.05901525169610977, 0.06107835016316838
Gc,D,0.05623023584485054, 0.06389334301153819
Gc,L,0.03658519312739372, 0.06305545816818874
Gc,F,0.07721006125211716, 0.06504933536052704
Gc,S,0.07851254194974899, 0.06469307467341423
Gc,K,0.07368507236242294, 0.0661866304775079
Gc,N,0.07664920389652252, 0.0699054424961408
Gc,L,0.06416397541761398, 0.07548548074232207
Gc,V,0.06018613651394844, 0.07316223283608754
Gc,T,0.07245725393295288, 0.07310166623857287
Gc,E,0.08969954401254654, 0.07529040426015854
Gc,Y,0.08680553734302521, 0.07758748282988866
Gc,D,0.05630083009600639, 0.07695265321267976
Gc,K,0.07796744257211685, 0.07981160283088684
Gc,K,0.09338371455669403, 0.0798796887199084
Gc,Y,0.09732291102409363, 0.0823181958662139
Gc,F,0.05845050886273384, 0.07989955693483353
Gc,E,0.0859166830778122, 0.07993000373244286
Gc,P,0.07307002693414688, 0.08187999783290757
Gc,D,0.11164610832929611, 0.08010767276088397
Gc,T,0.0650377869606018, 0.07620233421524365
Gc,V,0.056574851274490356, 0.07656206811467807
Gc,N,0.09551738947629929, 0.07698422628972265
Gc,D,0.0774327889084816, 0.07666774714986484
Gc,Q,0.06217486411333084, 0.07033717632293701
Gc,F,0.06168811395764351, 0.07341573221815957
Gc,N,0.0897161066532135, 0.07465358078479767
Gc,K,0.07022171467542648, 0.0694334167573187
Gc,I,0.054670970886945724, 0.0697142705321312
Gc,E,0.09274479001760483, 0.07073749187919828
Gc,F,0.06771548837423325, 0.06826327823930317
Gc,A,0.04853591322898865, 0.0649506143397755
Gc,Q,0.07996047288179398, 0.06693757408195072
Gc,D,0.07138385623693466, 0.06650425700677766
Gc,A,0.03942019119858742, 0.06300053579939736
Gc,H,0.0599021315574646, 0.06225027930405405
Gc,R,0.08810435235500336, 0.062145887977547117
Gc,M,0.050771117210388184, 0.06218466493818495
Gc,I,0.061211299151182175, 0.06498679767052333
Gc,L,0.06096317991614342, 0.06486552043093576
Gc,L,0.047596391290426254, 0.06367461052205828
Gc,E,0.08030946552753448, 0.06365829623407787
Gc,R,0.09660305082798004, 0.06588260332743327
Gc,I,0.03832869604229927, 0.06383271639545758
Gc,L,0.04918394237756729, 0.0647678135169877
Gc,Y,0.08795752376317978, 0.06319950852129194
Gc,K,0.0707898810505867, 0.061308072672949895
Gc,T,0.04276231676340103, 0.05498812637395329
Gc,E,0.0693790540099144, 0.05625725123617384
Gc,C,0.033481646329164505, 0.056349270045757294
Gc,E,0.06328654289245605, 0.051996595329708524
Gc,M,0.039723534137010574, 0.05210950391160117
Gc,L,0.04975081980228424, 0.05769862731297811
Gc,S,0.05001211166381836, 0.06025735868348016
Gc,L,0.048783451318740845, 0.06511322036385536
Gc,K,0.07180605828762054, 0.06813920827375518
Gc,K,0.09306442737579346, 0.07244278490543365
Gc,N,0.09240763634443283, 0.07544799397389094
Gc,S,0.07718440145254135, 0.07767992880609301
Gc,G,0.09052043408155441, 0.08020232535070843
Gc,P,0.07845572382211685, 0.07676172711782986
Gc,Y,0.07679770141839981, 0.07154226385884815
Gc,N,0.07009952515363693, 0.0714833711584409
Gc,V,0.0714850202202797, 0.06960637205176884
Gc,A,0.04084067419171333, 0.06516329447428386
Gc,W,0.046089258044958115, 0.0612680282857683
Gc,R,0.09187760204076767, 0.06379631823963589
Gc,T,0.060291409492492676, 0.06604556573761834
Gc,Y,0.050532735884189606, 0.06521792709827423
Gc,L,0.04339832812547684, 0.0684024447368251
Gc,K,0.09955231100320816, 0.07027106483777364
Gc,N,0.09034275263547897, 0.0680704332060284
Gc,H,0.06403627246618271, 0.06805564214785893
Gc,N,0.06950133293867111, 0.06719583893815677
Gc,I,0.06290683895349503, 0.06934084287948078
Gc,D,0.07207191735506058, 0.06946235853764746
Gc,L,0.06015828996896744, 0.0677301175892353
Gc,C,0.04279450699687004, 0.06768378408418761
Gc,S,0.06270336359739304, 0.06636674205462138
Gc,R,0.10064595192670822, 0.06780607087744607
Gc,H,0.07475258409976959, 0.06501820435126622
Gc,N,0.06361927092075348, 0.062475760363870196
Gc,Y,0.057647954672575, 0.06053743863271342
Gc,K,0.07586079835891724, 0.05879217696686586
Gc,M,0.046981118619441986, 0.05065094265672895
Gc,I,0.03727629408240318, 0.04614608734846115
Gc,C,0.025349611416459084, 0.04764631804492739
Gc,Q,0.04699600860476494, 0.04728556962476836
Gc,C,0.027374843135476112, 0.04642860218882561
Gc,I,0.034208886325359344, 0.04667772808008724
Gc,N,0.07712134718894958, 0.04741257263554467
Gc,T,0.0544012188911438, 0.04796971587671174
Gc,H,0.06814809143543243, 0.048945973730749555
Gc,S,0.04922325164079666, 0.05434931173092789
Gc,M,0.04388989508152008, 0.056872489344742566
Gc,C,0.0303639005869627, 0.055193690997031
Gc,N,0.05578232929110527, 0.05514745724697908
Gc,N,0.07600488513708115, 0.054996724550922714
Gc,T,0.05691748484969139, 0.056227859730521836
Gc,D,0.06201216205954552, 0.058384431112143725
Gc,I,0.0539851151406765, 0.06245204102661875
Gc,D,0.06679149717092514, 0.06316876328653759
Gc,Y,0.0603034682571888, 0.05862898545132743
Gc,N,0.0632990375161171, 0.060956106003787786
Gc,K,0.06697238981723785, 0.061420195632510714
Gc,E,0.06223282963037491, 0.06269604588548343
Gc,I,0.03514688462018967, 0.061924761368168726
Gc,E,0.07786156982183456, 0.06493980561693509
Gc,T,0.06618896871805191, 0.06498746532532904
Gc,Y,0.06546776741743088, 0.06518803247147137
Gc,Y,0.05984993651509285, 0.06362337619066238
Gc,K,0.08743886649608612, 0.06755368245972528
Gc,S,0.0637279748916626, 0.0649983680082692
Gc,N,0.06877749413251877, 0.06351201898521847
Gc,A,0.0481509231030941, 0.0671427920460701
Gc,A,0.07051964104175568, 0.06725224686993493
Gc,A,0.054863739758729935, 0.06352788830796878
Gc,Y,0.05281182751059532, 0.060950698951880135
Gc,R,0.09814472496509552, 0.06390241202380922
Gc,A,0.06083502992987633, 0.06532303161091274
Gc,D,0.05391963943839073, 0.060596288906203374
Gc,L,0.04053327068686485, 0.05878964066505432
Gc,N,0.09534291177988052, 0.06415803771879938
Gc,T,0.06093649938702583, 0.05824127627743615
Gc,I,0.027978956699371338, 0.053978090898858175
Gc,M,0.03860390558838844, 0.05580089075697793
Gc,D,0.10112740099430084, 0.059005077100462384
Gc,T,0.04489387199282646, 0.05182697396311495
Gc,L,0.02246636152267456, 0.04842158779501915
Gc,K,0.0703248381614685, 0.05671804025769234
Gc,T,0.06937094777822495, 0.058344661361641355
Gc,A,0.030739983543753624, 0.05114018958475855
Gc,F,0.030288023874163628, 0.0496883164677355
Gc,R,0.10264702886343002, 0.05427822098135948
Gc,G,0.053243495523929596, 0.05113700239194764
Gc,L,0.036287155002355576, 0.04642245959904459
Gc,T,0.031827013939619064, 0.047206515446305275
Gc,K,0.06377550214529037, 0.05368609188331498
Gc,V,0.04205387085676193, 0.04835714027285576
Gc,L,0.026940062642097473, 0.04804021161463526
Gc,I,0.03779648616909981, 0.04862571797437138
Gc,E,0.08860421180725098, 0.05444821135865317
Gc,N,0.05468646436929703, 0.05607565078470442
Gc,Y,0.05039113759994507, 0.05804738112621837
Gc,I,0.0415567122399807, 0.06157525670197275
Gc,E,0.08422945439815521, 0.0631076047817866
Gc,K,0.07842245697975159, 0.06095144235425525
Gc,D,0.0597994439303875, 0.057777395471930504
Gc,D,0.05869094282388687, 0.05423747789528635
Gc,S,0.05158761888742447, 0.05625068686074681
Gc,D,0.06919874995946884, 0.050788984116580754
Gc,A,0.02612004242837429, 0.04437362795902623
Gc,L,0.018531879410147667, 0.04073898846076594
Gc,K,0.05967559292912483, 0.04114292375743389
Gc,A,0.035074129700660706, 0.040617834569679365
Gc,L,0.020684251561760902, 0.03598929010331631
Gc,F,0.027087688446044922, 0.03808925631973478
Gc,S,0.06232636049389839, 0.044359821619258985
Gc,N,0.04686181619763374, 0.0418836683448818
Gc,I,0.02754184976220131, 0.04232755365471045
Gc,T,0.045019738376140594, 0.04743549351890882
Gc,D,0.07496696710586548, 0.05153353056973881
Gc,S,0.03739021345973015, 0.05067529405156771
Gc,V,0.039069097489118576, 0.05448158664835824
Gc,Q,0.0666557103395462, 0.05761081352829933
Gc,D,0.06397002190351486, 0.056231354259782367
Gc,N,0.054602231830358505, 0.05333725487192472
Gc,Y,0.08111844956874847, 0.05446774140000343
Gc,Q,0.05570489168167114, 0.053030206304457456
Gc,M,0.032604604959487915, 0.04865277993182341
Gc,I,0.04892007261514664, 0.04780864529311657
Gc,G,0.04756459221243858, 0.04541101699901952
Gc,I,0.02613128162920475, 0.038457855168316096
Gc,L,0.027258872985839844, 0.03599090460273954
Gc,K,0.056372810155153275, 0.039478895564874016
Gc,F,0.03302357718348503, 0.03844395652413368
Gc,A,0.018539993092417717, 0.03702059926258193
Gc,S,0.03350233659148216, 0.041884013555116124
Gc,K,0.06399652361869812, 0.04370021302666929
Gc,L,0.03960562124848366, 0.04406373513241609
Gc,L,0.034754376858472824, 0.045737532898783684
Gc,D,0.06990201026201248, 0.05021631427937084
Gc,I,0.043604668229818344, 0.05568667915132311
Gc,N,0.059644509106874466, 0.055076933569378324
Gc,L,0.04808775708079338, 0.0561728071835306
Gc,G,0.0588490255177021, 0.06584840392072995
Gc,R,0.08273562043905258, 0.06540211911002795
Gc,S,0.05850881338119507, 0.06478694453835487
Gc,T,0.04946848377585411, 0.06460878542727894
Gc,R,0.12183474749326706, 0.06795203602976269
Gc,S,0.06588544696569443, 0.06796645580066575
Gc,A,0.038068097084760666, 0.0647088239590327
Gc,H,0.058041077107191086, 0.06481155049469736
Gc,H,0.07817701250314713, 0.06648262259032992
Gc,S,0.05897880345582962, 0.06047363165352079
Gc,I,0.05341693386435509, 0.06284593294064204
Gc,M,0.05943335220217705, 0.0644108396437433
Gc,T,0.06450813263654709, 0.06404796615242958
Gc,N,0.06775382906198502, 0.06427305978205469
Gc,E,0.08723615854978561, 0.06416673875517315
Gc,I,0.05215225741267204, 0.06622218795948559
Gc,P,0.054775215685367584, 0.06591910786098903
Gc,K,0.0802028551697731, 0.06581233938535054
Gc,S,0.0580219142138958, 0.06583051880200703
Gc,N,0.07191597670316696, 0.06353296173943414
Gc,P,0.05670563131570816, 0.06517044496205118
Gc,F,0.06354721635580063, 0.06450157364209493
Gc,T,0.06791744381189346, 0.06283426533142726
Gc,D,0.06655814498662949, 0.06211970001459122
Gc,Y,0.06688960641622543, 0.06090501406126552
Gc,S,0.04875537380576134, 0.05932431461082564
Gc,Y,0.06519708037376404, 0.05856041030751334
Gc,S,0.051590826362371445, 0.0555530401567618
Gc,N,0.0609838031232357, 0.05495733560787307
Gc,L,0.04247933626174927, 0.05370098393824366
Gc,N,0.056672077625989914, 0.05085156506134404
Gc,I,0.04085111245512962, 0.04850760454105006
Gc,K,0.06119680404663086, 0.04646800851656331
Gc,E,0.0555824413895607, 0.04433158226311207
Gc,C,0.023110603913664818, 0.046223350490132965
Gc,M,0.04410143569111824, 0.04348111297521326
Gc,S,0.03323446214199066, 0.043605299252602786
Gc,P,0.04175596684217453, 0.042476044967770576
Gc,E,0.05950525030493736, 0.0390754242738088
Gc,S,0.03199193999171257, 0.04038210937546359
Gc,L,0.04196878895163536, 0.04083523961404959
Gc,K,0.051033515483140945, 0.04257494107716613
Gc,C,0.024976855143904686, 0.045503054848975606
Gc,F,0.03487076982855797, 0.04545815847814083
Gc,K,0.04817960783839226, 0.047649950409928955
Gc,K,0.04889177531003952, 0.04925916033486525
Gc,R,0.06810899078845978, 0.05011945735249254
Gc,D,0.05910118296742439, 0.0544293767048253
Gc,S,0.05171806737780571, 0.05647323032220205
Gc,T,0.05645167827606201, 0.056944972111119166
Gc,P,0.058776188641786575, 0.05682274616426892
Gc,H,0.06376612931489944, 0.053602623028887644
Gc,T,0.05326545238494873, 0.05048212057186498
Gc,N,0.052425283938646317, 0.046692183448208704
Gc,H,0.0477917417883873, 0.04504244733187887
Gc,L,0.039127882570028305, 0.04308524024155405
Gc,L,0.03101666085422039, 0.04111411174138387
Gc,C,0.017608633264899254, 0.041467346251010895
Gc,K,0.04160405322909355, 0.04083393555548456
Gc,I,0.041161324828863144, 0.04030843286050691
Gc,D,0.046025972813367844, 0.040781191653675504
Gc,N,0.05644456297159195, 0.040608214835325875
Gc,K,0.0467245876789093, 0.04199510667886999
Gc,Y,0.04306221753358841, 0.04283772843579451
Gc,K,0.043382711708545685, 0.04291049742864238
Gc,A,0.029459869489073753, 0.041898277691668935
Gc,F,0.030090659856796265, 0.04222625100778209
Gc,D,0.04918764904141426, 0.04065511354969607
Gc,W,0.04181624576449394, 0.041956639331248075
Gc,P,0.03691599518060684, 0.04137935344543722
Gc,E,0.059396322816610336, 0.04142518093188604
Gc,I,0.03258435055613518, 0.04326473797361056
Gc,E,0.05477594956755638, 0.043885118431515165
Gc,T,0.038187138736248016, 0.04297820892598894
Gc,I,0.029872316867113113, 0.04324443803893195
Gc,Q,0.04664667323231697, 0.04006932365397612
Gc,K,0.054771073162555695, 0.038930955446428724
Gc,G,0.03365406021475792, 0.03541332338419226
Gc,Q,0.039312057197093964, 0.03459175034529633
Gc,K,0.030820293352007866, 0.03423104352421231
Gc,L,0.02233903668820858, 0.03395805963211589
Gc,C,0.02311726100742817, 0.031174653727147315
Gc,L,0.030792981386184692, 0.031340600508782596
Gc,G,0.02662595547735691, 0.029227712502082188
Gc,D,0.04418981820344925, 0.02971693894101514
Gc,S,0.029720420017838478, 0.03023747665186723
Gc,H,0.03514758124947548, 0.03128493494457669
Gc,C,0.020296065136790276, 0.03267392391959826
Gc,N,0.035223331302404404, 0.03312184847891331
Gc,L,0.02702387608587742, 0.031087064287728734
Gc,E,0.03254438564181328, 0.03092443694670995
Gc,F,0.04329388216137886, 0.030844420608547
Gc,T,0.030657276511192322, 0.031394643502102956
Gc,A,0.025876760482788086, 0.031855194518963494
Gc,I,0.028256773948669434, 0.032498750214775406
Gc,T,0.03442743420600891, 0.030508683063089848
Gc,A,0.025248071178793907, 0.02917131253828605
Gc,D,0.039368290454149246, 0.028944921265873644
Gc,K,0.032815877348184586, 0.029206137586798932
Gc,I,0.014633781276643276, 0.028505564253363345
Gc,M,0.031257547438144684, 0.02861871746265226
Gc,S,0.028619755059480667, 0.027885807160702016
Gc,L,0.028227707371115685, 0.027772656021018822
Gc,T,0.021951613947749138, 0.02771975648485952
Gc,N,0.035445813089609146, 0.030649258237746026
Gc,C,0.018651878461241722, 0.030093674858411152
Gc,Y,0.038349930197000504, 0.030245632554093998
Gc,K,0.032339781522750854, 0.03203352996044689
Gc,E,0.04099929705262184, 0.03281104357706176
Gc,S,0.02625729702413082, 0.03363939540253745
Gc,F,0.02998737432062626, 0.036330479507644974
Gc,T,0.0443187840282917, 0.03586299696730243
Gc,A,0.028949236497282982, 0.03724403617282709
Gc,Q,0.04290097951889038, 0.0363593724452787
Gc,P,0.042871635407209396, 0.03882675742109617
Gc,A,0.03414258733391762, 0.0394063995530208
Gc,D,0.04476913437247276, 0.038378572505381375
Gc,M,0.033037323504686356, 0.039410321248902216
Gc,Q,0.04846376180648804, 0.03808773226208157
Gc,A,0.03520415350794792, 0.03672607450021638
Gc,G,0.035068340599536896, 0.03490365710523394
Gc,I,0.038234975188970566, 0.03300582907266087
Gc,K,0.030997678637504578, 0.031389052876167826
Gc,K,0.03061671555042267, 0.02983269902567069
Gc,C,0.017740830779075623, 0.03127853344711992
Gc,S,0.027688682079315186, 0.03184943046006891
Gc,A,0.01848633773624897, 0.03011772284905116
Gc,D,0.03445657715201378, 0.030735777070124943
Gc,E,0.04821666330099106, 0.029269112687971856
Gc,I,0.040206413716077805, 0.030437365795175236
Gc,G,0.022649606689810753, 0.030118739646342065
Gc,E,0.036560166627168655, 0.032028487159146204
Gc,C,0.017416736111044884, 0.03470182832744387
Gc,T,0.02825510874390602, 0.033804502338171005
Gc,T,0.024821046739816666, 0.034547902229759425
Gc,L,0.035674065351486206, 0.03630379235578908
Gc,E,0.058516647666692734, 0.03534632258945041
Gc,D,0.040140729397535324, 0.036117664641804166
Gc,K,0.04689701274037361, 0.03486877659128772
Gc,T,0.038452617824077606, 0.033477600353459515
Gc,W,0.02794293873012066, 0.03240644259171353
Gc,P,0.02435881458222866, 0.027598966637419328
Gc,I,0.017015116289258003, 0.02704668738361862
Gc,I,0.01230046059936285, 0.02549712101204528
Gc,F,0.026033645495772362, 0.025820686895814206
Gc,C,0.015249364078044891, 0.026591676908234756
Gc,G,0.035170216113328934, 0.025761687610712316
Gc,G,0.03295091539621353, 0.027219657372269366
Gc,K,0.04136471077799797, 0.027936712735229068
Gc,Y,0.034881848841905594, 0.02892713352209992
Gc,Y,0.01688891090452671, 0.030717506383856136
Gc,Y,0.030136844143271446, 0.032095377850863666
Gc,S,0.018753958866000175, 0.035019645053479403
Gc,D,0.034947432577610016, 0.03788086875445313
Gc,S,0.03136271983385086, 0.03930886069105731
Gc,K,0.04757105931639671, 0.046334910309977
Gc,E,0.05926932021975517, 0.053270386118027896
Gc,H,0.06711572408676147, 0.05746784723467297
Gc,A,0.04773377627134323, 0.06074375659227371
Gc,K,0.08012335747480392, 0.06286407965752813
Gc,D,0.09255612641572952, 0.06404170890649159
Gc,G,0.05653110891580582, 0.06207495927810669
Gc,S,0.0644306167960167, 0.0577200088236067
Gc,I,0.05044562742114067, 0.05488480979369746
Gc,N,0.05816972255706787, 0.049420919683244496
Gc,N,0.041568573564291, 0.043029922578069896
Gc,Y,0.027921169996261597, 0.04017313404215707
Gc,C,0.022216985002160072, 0.03742322035961681
Gc,L,0.030948346480727196, 0.034021519124507904
Gc,T,0.03503715246915817, 0.03083641558057732
Gc,N,0.030820012092590332, 0.03075662317375342
Gc,K,0.03968139365315437, 0.030867465668254428
Gc,C,0.019830316305160522, 0.03431007742053933
Gc,S,0.02950379066169262, 0.03414714150130749
Gc,E,0.0408504419028759, 0.034057888512810074
Gc,Q,0.028918752446770668, 0.033545444822973676
Gc,R,0.05320049077272415, 0.03432400069302983
Gc,F,0.029481923207640648, 0.03731822222471237
Gc,P,0.03423387557268143, 0.03922117315232754
Gc,I,0.026208018884062767, 0.03930430714454916
Gc,H,0.046688396483659744, 0.04017158101002375
Gc,E,0.04677831009030342, 0.037311317606104746
Gc,N,0.04663034901022911, 0.0371267476843463
Gc,W,0.04159864783287048, 0.03468446257627673
Gc,F,0.03672421723604202, 0.03488801554259327
Gc,K,0.02745812013745308, 0.032300765419171915
Gc,K,0.02782079391181469, 0.03132626672999726
Gc,C,0.012253309600055218, 0.030075163166556094
Gc,N,0.028039995580911636, 0.027742709240151778
Gc,W,0.023403145372867584, 0.027255270319680374
Gc,D,0.03800782188773155, 0.02801407180312607
Gc,K,0.035370416939258575, 0.028845678083598614
Gc,T,0.02060656249523163, 0.03081748303439882
Gc,H,0.03233726695179939, 0.03168217258320914
Gc,K,0.034287333488464355, 0.03299920219514105
Gc,E,0.03530525043606758, 0.03267228893107838
Gc,F,0.02999955415725708, 0.033638250496652394
Gc,S,0.035822201520204544, 0.03631331026554108
Gc,T,0.035256411880254745, 0.035017084744241506
Gc,M,0.035065602511167526, 0.035094858043723635
Gc,R,0.04406407102942467, 0.036724544233746
Gc,Q,0.0446821004152298, 0.03897227139936553
Gc,I,0.020671237260103226, 0.03821909738083681
Gc,N,0.03498729318380356, 0.037143002160721354
Gc,Y,0.049972426146268845, 0.038206726105676755
Gc,N,0.05022909864783287, 0.036828705213136144
Gc,D,0.029043635353446007, 0.033990943597422704
Gc,I,0.025571554899215698, 0.03510910810695754
Gc,T,0.044639118015766144, 0.0360055019458135
Gc,S,0.03166188299655914, 0.03274032038946947
Gc,Y,0.01914224587380886, 0.028741084246171847
Gc,R,0.030734717845916748, 0.029307440751128726
Gc,K,0.043054837733507156, 0.029851314715213247
Gc,A,0.020585792139172554, 0.02915447846882873
Gc,I,0.014235973358154297, 0.027919460088014603
Gc,E,0.03414084389805794, 0.02952951296336121
Gc,S,0.030466420575976372, 0.03040087202356921
Gc,E,0.03836759179830551, 0.02989933453500271
Gc,I,0.020546717569231987, 0.03062293202512794
Gc,G,0.03363272175192833, 0.033018376057346664
Gc,T,0.03857694938778877, 0.03353220865958267
Gc,D,0.038541000336408615, 0.0344558238155312
Gc,L,0.027098169550299644, 0.034650958660576076
Gc,M,0.03579496964812279, 0.0360305170632071
Gc,T,0.03876533731818199, 0.03637888344625632
Gc,H,0.03877895697951317, 0.03588577297826608
Gc,H,0.04012380540370941, 0.03541747998032305
Gc,Y,0.03296274319291115, 0.03657606119910876
Gc,K,0.03676801919937134, 0.037243974291616015
Gc,P,0.03413895517587662, 0.035418631922867566
Gc,T,0.03432636335492134, 0.03416780879100164
Gc,K,0.03752540051937103, 0.033869038025538124
Gc,N,0.041806187480688095, 0.03280059993267059
Gc,L,0.022337255999445915, 0.031880689991845026
Gc,P,0.02752154879271984, 0.030201845698886447
Gc,H,0.03743486851453781, 0.030507234235604603
Gc,V,0.023346800357103348, 0.02928642224934366
Gc,V,0.028488829731941223, 0.027208354738023546
Gc,P,0.01902935653924942, 0.02721028423143758
Gc,R,0.03707486018538475, 0.0259642553412252
Gc,Y,0.026538092643022537, 0.025437144562602043
Gc,H,0.023103579878807068, 0.02470333356824186
Gc,S,0.022354621440172195, 0.025400991862018902
Gc,I,0.01630728878080845, 0.02658327441248629
Gc,D,0.0326908715069294, 0.026255907490849495
Gc,V,0.01674250140786171, 0.028459007748299174
Gc,Q,0.0347677543759346, 0.028723821664849918
Gc,G,0.029669899493455887, 0.03173005229069127
Gc,T,0.03412855789065361, 0.035262475411097206
Gc,E,0.046365994960069656, 0.03530490853720241
Gc,S,0.025486905127763748, 0.037498494817150965
Gc,T,0.04941069707274437, 0.03683315051926507
Gc,E,0.0480990968644619, 0.03682034773131212
Gc,G,0.03307276964187622, 0.03438783695714341
Gc,I,0.03648477792739868, 0.03127100391106473
Gc,I,0.028779655694961548, 0.029525943307412997
Gc,N,0.02955467440187931, 0.026316980727844767
Gc,G,0.01223596092313528, 0.021928885848157935
Gc,F,0.01831449754536152, 0.020546943673657045
Gc,I,0.009781359694898129, 0.017406088196569018
Gc,Q,0.020530033856630325, 0.01671309458712737
Gc,N,0.008606242947280407, 0.014387127012014389
Gc,T,0.020635290071368217, 0.015429915963775583
Gc,I,0.008217078633606434, 0.015790064198275406
Gc,P,0.022542713209986687, 0.01625561351991362
Gc,A,0.008620966225862503, 0.016444207583036687
Gc,I,0.021621061488986015, 0.017086250604026847
Gc,S,0.021555831655859947, 0.016115587825576465
Gc,G,0.013971303589642048, 0.01670651551749971
Gc,L,0.02222738042473793, 0.014880888474484285
Gc,G,0.014384630136191845, 0.016020334118770227
Gc,V,0.01189932506531477, 0.014313381475706896
Gc,G,0.01353542786091566, 0.01464764577233129
Gc,Y,0.006112069822847843, 0.01490162168112066
Gc,H,0.018875977024435997, 0.0171797646002637
Gc,L,0.006258487701416016, 0.01935190986841917
Gc,N,0.024564210325479507, 0.021185579606228404
Gc,F,0.016257086768746376, 0.024271091549760766
Gc,K,0.0427306666970253, 0.025774485535091825
Gc,S,0.033933937549591064, 0.024840064553750887
Gc,N,0.028402352705597878, 0.02713597897026274
Gc,Q,0.04130503535270691, 0.02480434965238803
Gc,L,0.01964261569082737, 0.024247830190385383
Gc,F,0.010466188192367554, 0.019966708625563316
Gc,D,0.026921717450022697, 0.017615985254653625
Gc,I,0.0035795464646071196, 0.015315841236669157
Gc,V,0.011248411610722542, 0.012946333710311187
Gc,I,0.0042005726136267185, 0.013095701294433739
Gc,F,0.012777427211403847, 0.01287690371585389
Gc,V,0.00770105654373765, 0.011894461879920628
Gc,K,0.01997946761548519, 0.012814406615992388
Gc,K,0.020986923947930336, 0.014602956362068653
Gc,A,0.008497009985148907, 0.015227399507744445
Gc,V,0.018079740926623344, 0.01650767457774944
Gc,Y,0.011859049089252949, 0.017294006939563487
Gc,K,0.027345359325408936, 0.017814841431876022
Gc,A,0.009820560924708843, 0.017594479334851105
Gc,Q,0.024299902841448784, 0.018217046434680622
Gc,Y,0.014778047800064087, 0.017869574742184743
Gc,Q,0.024666978046298027, 0.018886259343061183
Gc,K,0.019003665074706078, 0.017943767727249198
Gc,A,0.01410011388361454, 0.01866850256919861
Gc,Y,0.014952495694160461, 0.01808973401784897
Gc,T,0.021009210497140884, 0.018483021813962195
Gc,T,0.018862934783101082, 0.017704738304018974
Gc,G,0.016343174502253532, 0.01756463675863213
Gc,P,0.019090985879302025, 0.017820819177561335
Gc,S,0.018317637965083122, 0.01948834417594804
Gc,I,0.017662426456809044, 0.020489179011848237
Gc,S,0.01774275116622448, 0.022591549282272656
Gc,I,0.016405755653977394, 0.024365813781817753
Gc,N,0.02996022067964077, 0.02577041110230817
Gc,I,0.03001672402024269, 0.02709966546131505
Gc,E,0.03778426721692085, 0.029551977912584942
Gc,H,0.03231155499815941, 0.029008665225572057
Gc,N,0.031732361763715744, 0.030295735225081444
Gc,E,0.030280927196145058, 0.02887613864408599
Gc,R,0.03973323851823807, 0.029400041947762173
Gc,C,0.01285293698310852, 0.02676036229564084
Gc,T,0.027989385649561882, 0.02558563504781988
Gc,G,0.017183851450681686, 0.025878726401262812
Gc,H,0.03473185375332832, 0.027412230769793194
Gc,C,0.014027150347828865, 0.025905223977234628
Gc,P,0.021739009767770767, 0.02730122601820363
Gc,E,0.03437018394470215, 0.027194323018193245
Gc,K,0.04408246651291847, 0.02909113321867254
Gc,I,0.02617017738521099, 0.031077890967329342
Gc,P,0.02541695535182953, 0.03315628609723515
Gc,A,0.027027258649468422, 0.03411106992926863
Gc,K,0.034255143254995346, 0.031786089245643884
Gc,E,0.05261267349123955, 0.02934509650286701
Gc,G,0.032732706516981125, 0.02887200905630986
Gc,W,0.030332064256072044, 0.028565776741339102
Gc,L,0.013445357792079449, 0.029578170118232567
Gc,T,0.022113531827926636, 0.02917999267164204
Gc,F,0.021912390366196632, 0.02660775774468978
Gc,S,0.022660864517092705, 0.025931264066861734
Gc,K,0.03613879904150963, 0.024539052922692563
Gc,E,0.03067154623568058, 0.026411661878228188
Gc,H,0.029462559148669243, 0.027324409120612674
Gc,T,0.026644263416528702, 0.02706342563033104
Gc,S,0.0178021639585495, 0.026738959675033886
Gc,S,0.030298838391900063, 0.02481023304992252
Gc,W,0.030328257009387016, 0.02426025064455138
Gc,G,0.01956353895366192, 0.024141613807943132
Gc,C,0.019740670919418335, 0.023683115219076473
Gc,E,0.018780259415507317, 0.02358081854052014
Gc,E,0.025721704587340355, 0.02320334605044789
Gc,Y,0.028394827619194984, 0.022006455808877945
Gc,G,0.022517776116728783, 0.021700593125489023
Gc,C,0.016881493851542473, 0.023929960404833157
Gc,L,0.02690158598124981, 0.02569717499944899
Gc,A,0.01955624483525753, 0.025041397247049544
Gc,I,0.01681077480316162, 0.02396112597650952
Gc,D,0.03980497643351555, 0.024107921661602125
Gc,T,0.03468519076704979, 0.026962108082241483
Gc,G,0.019819704815745354, 0.025993146416213777
Gc,C,0.018672386184334755, 0.026725069102313783
Gc,L,0.023838937282562256, 0.02687250181204743
Gc,Y,0.04256917163729668, 0.026020492737491924
Gc,G,0.018180930987000465, 0.02413585554394457
Gc,S,0.026143549010157585, 0.02371510097550021
Gc,C,0.018137669190764427, 0.023033213180800278
Gc,Q,0.03213689476251602, 0.02425979853918155
Gc,D,0.017723456025123596, 0.02180878186805381
Gc,V,0.016032913699746132, 0.023520957368115585
Gc,I,0.01253539603203535, 0.021535243942505784
Gc,R,0.0348782055079937, 0.021311162763999567
Gc,P,0.020510021597146988, 0.01842419979059034
Gc,E,0.03359051048755646, 0.017758992604083486
Gc,L,0.00827212817966938, 0.01809133609963788
Gc,D,0.01612093858420849, 0.019263242578340903
Gc,V,0.006154228001832962, 0.018489062061740294
Gc,Y,0.011736591346561909, 0.019064102839264605
Gc,K,0.01902400515973568, 0.01836341091742118
Gc,K,0.02308255434036255, 0.021721915548874274
Gc,I,0.02791058085858822, 0.022499082713491388
Gc,G,0.0256853885948658, 0.023630761541426182
Gc,S,0.027284283190965652, 0.024605236740575895
Gc,E,0.03849866986274719, 0.023201659166564543
Gc,V,0.02311544306576252, 0.02308810797209541
Gc,S,0.016339337453246117, 0.0204747353369991
Gc,L,0.02050686813890934, 0.018731020494467683
Gc,I,0.006391806993633509, 0.01612870969499151
Gc,E,0.022060593590140343, 0.013783565567185482
Gc,I,0.0043902271427214146, 0.01205875745250119
Gc,C,0.009991955012083054, 0.012459972045487828
Gc,I,0.0038634859956800938, 0.013497091829776764
Gc,T,0.017392372712492943, 0.017061955968125
Gc,L,0.007592170033603907, 0.01677097188722756
Gc,P,0.019950268790125847, 0.018317175511684682
Gc,H,0.029840946197509766, 0.019269653182062838
Gc,E,0.038475584238767624, 0.020114138670679595
Gc,T,0.019441736862063408, 0.020654373647024233
Gc,Y,0.018306059762835503, 0.0205448553380039
Gc,C,0.01856425404548645, 0.021055229215158358
Gc,N,0.011463855393230915, 0.018964659940037463
Gc,D,0.02225448749959469, 0.01694771968242195
Gc,M,0.006606505252420902, 0.018064235130117998
Gc,D,0.024543633684515953, 0.01790809476127227
Gc,I,0.011025822721421719, 0.017517017097108893
Gc,L,0.020323121920228004, 0.019355969917443063
Gc,E,0.029490375891327858, 0.018561886726982064
Gc,P,0.016900796443223953, 0.02074311963386006
Gc,I,0.015044555068016052, 0.020770766254928377
Gc,I,0.02801443077623844, 0.020193512085825205
Gc,G,0.01510773878544569, 0.019903483748849895
Gc,D,0.026237601414322853, 0.01689629453337855
Gc,K,0.02479245327413082, 0.01648355544441276
Gc,L,0.00583053519949317, 0.015475355036970641
Gc,S,0.017712866887450218, 0.014528283590657843
Gc,A,0.0024256729520857334, 0.01489187761520346
Gc,S,0.013186144642531872, 0.013611786015745666
Gc,F,0.005970751401036978, 0.014038328236589829
Gc,Q,0.019490787759423256, 0.015818088832828734
Gc,N,0.01838008500635624, 0.017615275043580268
Gc,T,0.01471677701920271, 0.020732964026845165
Gc,Q,0.028631333261728287, 0.02164431707933545
Gc,T,0.02184838056564331, 0.02308373184253772
Gc,N,0.03388754278421402, 0.023289743086530104
Gc,Q,0.030484873801469803, 0.022396128831638232
Gc,L,0.021388322114944458, 0.02169756477491723
Gc,P,0.018925484269857407, 0.018971946142199967
Gc,T,0.02134488895535469, 0.017869434371176694
Gc,L,0.010337556712329388, 0.01639861028848423
Gc,I,0.008429700508713722, 0.01617957480872671
Gc,A,0.0041007655672729015, 0.015465782386147313
Gc,Y,0.01192577462643385, 0.01704983377001352
Gc,K,0.020650126039981842, 0.015659313907639846
Gc,K,0.028513554483652115, 0.015994302773227293
Gc,G,0.014964190311729908, 0.01754034191576971
Gc,K,0.033181946724653244, 0.018333062426083617
Gc,I,0.008830210193991661, 0.020110317402415805
Gc,Y,0.013352456502616405, 0.019774815688530605
Gc,T,0.02234405279159546, 0.019593289742867153
Gc,G,0.011235250160098076, 0.020337813947763708
Gc,Q,0.027921069413423538, 0.01855771088351806
Gc,I,0.01763061061501503, 0.020588274320794478
Gc,N,0.026879820972681046, 0.022728228527638648
Gc,D,0.021664908155798912, 0.023360008373856544
Gc,I,0.017161019146442413, 0.0243491946409146
Gc,G,0.027105281129479408, 0.023561072432332568
Gc,N,0.032612044364213943, 0.024181641431318388
Gc,T,0.028030071407556534, 0.022425418409208458
Gc,A,0.020137926563620567, 0.021543593766788643
Gc,L,0.020827969536185265, 0.022040640003979206
Gc,Q,0.023215731605887413, 0.020638689398765564
Gc,C,0.011073813773691654, 0.019703210641940434
Gc,G,0.013728486374020576, 0.018171677469379373
Gc,S,0.021634435281157494, 0.01772769343935781
Gc,I,0.01448772568255663, 0.01917212239156167
Gc,Q,0.02419273555278778, 0.019061243265039392
Gc,V,0.01424627285450697, 0.021309346581498783
Gc,I,0.016142070293426514, 0.023270281238688365
Gc,N,0.033827830106019974, 0.023034940370255046
Gc,G,0.022217819467186928, 0.024552395877738793
Gc,S,0.03130674362182617, 0.02657836147894462
Gc,T,0.03137689828872681, 0.029621703550219536
Gc,I,0.019516367465257645, 0.03170335272120105
Gc,G,0.028144825249910355, 0.03139902651309967
Gc,T,0.04242642596364021, 0.032811917985479035
Gc,G,0.041636351495981216, 0.031276457425620824
Gc,S,0.03487691283226013, 0.03044711322420173
Gc,P,0.031088894233107567, 0.030271264413992565
Gc,K,0.03493384271860123, 0.02987839529911677
Gc,F,0.017487598583102226, 0.026327191438111994
Gc,D,0.02391280047595501, 0.02466006401098437
Gc,Y,0.01793372817337513, 0.023746428079903126
Gc,I,0.024609003216028214, 0.02276308989773194
Gc,C,0.010465591214597225, 0.022075764731400542
Gc,H,0.02663220465183258, 0.0246718092304137
Gc,A,0.026654189452528954, 0.026173658565514617
Gc,M,0.022238850593566895, 0.02686137944045994
Gc,R,0.028747916221618652, 0.026164934349556763
Gc,R,0.04085199907422066, 0.026954577407903142
Gc,K,0.03742944449186325, 0.026105353608727455
Gc,D,0.024123216047883034, 0.028267878625128005
Gc,V,0.018340997397899628, 0.029102746604217425
Gc,I,0.017572378739714622, 0.02843307413988643
Gc,V,0.018989190459251404, 0.028325255546304915
Gc,R,0.046116914600133896, 0.030013551314671833
Gc,K,0.029752662405371666, 0.0319528676983383
Gc,C,0.022720864042639732, 0.035162913923462234
Gc,F,0.039881631731987, 0.038629759930902056
Gc,N,0.05262410640716553, 0.04089234686560101
Gc,D,0.041577063500881195, 0.037499029085867934
Gc,N,0.047231413424015045, 0.0362188634980056
Gc,Y,0.04877399280667305, 0.036404426416589156
Gc,Q,0.03935247287154198, 0.03577265236526728
Gc,S,0.01557705458253622, 0.03294457298600011
Gc,C,0.018231172114610672, 0.03203067773332199
Gc,T,0.0243909303098917, 0.029610226448211405
Gc,R,0.0341956652700901, 0.027937894376615684
Gc,L,0.027171391993761063, 0.02704656817432907
Gc,E,0.03335200622677803, 0.028570934509237606
Gc,K,0.02544735185801983, 0.028634816822078493
Gc,R,0.033723004162311554, 0.02907518483698368
Gc,N,0.03133053705096245, 0.027103830956750445
Gc,D,0.029296351596713066, 0.02765196603205469
Gc,L,0.018806112930178642, 0.027446727371878095
Gc,I,0.02835424244403839, 0.02905624049405257
Gc,P,0.01645348034799099, 0.028424932517939143
Gc,Y,0.03210460767149925, 0.02793870617945989
Gc,R,0.031504858285188675, 0.027247553691267967
Gc,K,0.0399329699575901, 0.026333628015385732
Gc,G,0.028041232377290726, 0.026428382222851116
Gc,D,0.026954500004649162, 0.025691888605554897
Gc,V,0.023075979202985764, 0.02463834856947263
Gc,I,0.01058078184723854, 0.023705173490775958
Gc,E,0.029207030311226845, 0.022480551360381976
Gc,V,0.00982503779232502, 0.023150208716591198
Gc,S,0.022622747346758842, 0.023166263062092993
Gc,K,0.023106282576918602, 0.024803572437829442
Gc,T,0.028911370784044266, 0.026818165348635778
Gc,G,0.03406814858317375, 0.025294338766899373
Gc,S,0.027098989114165306, 0.027604188459614914
Gc,N,0.0378117635846138, 0.026036201044917107
Gc,M,0.028712118044495583, 0.02546531893312931
Gc,G,0.015492591075599194, 0.02269693070815669
Gc,Q,0.03061368502676487, 0.021175481379032135
Gc,M,0.008510860614478588, 0.01859154021884832
Gc,T,0.017968343570828438, 0.016499949282863073
Gc,F,0.003995876759290695, 0.014075696235522628
Gc,K,0.020375104621052742, 0.014135990576404665
Gc,I,0.0038435186725109816, 0.01349762772830824
Gc,E,0.018987445160746574, 0.013980070931009121
Gc,L,0.006893840618431568, 0.015940508468904428
Gc,G,0.01603524014353752, 0.017240559242458806
Gc,D,0.024868419393897057, 0.018135014895556703
Gc,I,0.012852849438786507, 0.0195210717825426
Gc,N,0.035612281411886215, 0.020310418369869392
Gc,Y,0.015696333721280098, 0.022382676601409912
Gc,K,0.028425205498933792, 0.02426864082614581
Gc,I,0.016318030655384064, 0.023988352881537542
Gc,F,0.0260915644466877, 0.02440190191070239
Gc,T,0.025544164702296257, 0.0240133802096049
Gc,K,0.033008918166160583, 0.022991800629016425
Gc,S,0.022345827892422676, 0.02343559115090304
Gc,I,0.016574790701270103, 0.02296635399882992
Gc,D,0.03211558610200882, 0.022634737555765443
Gc,L,0.006502117495983839, 0.02107769711357024
Gc,Q,0.032419320195913315, 0.01998679738284813
Gc,M,0.012094896286725998, 0.018604956205106445
Gc,S,0.0231070164591074, 0.018527470166898437
Gc,G,0.011530800722539425, 0.016071469367792208
Gc,I,0.023190820589661598, 0.01643842158632146
Gc,C,0.009909257292747498, 0.01468213533775674
Gc,A,0.015877416357398033, 0.015139083171056377
Gc,G,0.010011578910052776, 0.013692259685032897
Gc,C,0.009804687462747097, 0.013763354884253608
Gc,I,0.016612743958830833, 0.013017564391096434
Gc,D,0.01620742678642273, 0.013367109932005405
Gc,C,0.010085605084896088, 0.012398236172480715
Gc,A,0.012170657515525818, 0.012428131213204728
Gc,E,0.016478706151247025, 0.011658077671503028
Gc,G,0.01305516716092825, 0.011009958908996649
Gc,I,0.007157552521675825, 0.009602302685379982
Gc,S,0.01028063427656889, 0.01023254833287663
Gc,C,0.0028742055874317884, 0.00935433054756787
Gc,S,0.010779675096273422, 0.011311652707970805
Gc,I,0.003538520773872733, 0.011072097501407066
Gc,N,0.015757815912365913, 0.013183935855825743
Gc,A,0.004266697447746992, 0.014721354366176657
Gc,E,0.03409460559487343, 0.020447658814696804
Gc,V,0.01089917030185461, 0.02084548784316414
Gc,P,0.0261640977114439, 0.02367868786677718
Gc,A,0.024117400869727135, 0.02240892991216646
Gc,E,0.05441094562411308, 0.024513111346297793
Gc,T,0.014360136352479458, 0.02125928369868133
Gc,V,0.029037320986390114, 0.024572448546273842
Gc,C,0.004329994320869446, 0.023109362512413
Gc,H,0.02320433035492897, 0.024355345250417788
Gc,C,0.004810156766325235, 0.0198389560294648
Gc,K,0.040717653930187225, 0.022963619118349418
Gc,T,0.01299632340669632, 0.02398651408859425
Gc,N,0.03533124551177025, 0.025913821171141334
Gc,C,0.013763442635536194, 0.028636197921716504
Gc,E,0.042482104152441025, 0.030204278520411916
Gc,D,0.0382433757185936, 0.03010657988488674
Gc,F,0.021675758063793182, 0.031155266074670687
Gc,I,0.047705721110105515, 0.03155953706138664
Gc,N,0.01892288215458393, 0.031980799304114446
Gc,N,0.03983836621046066, 0.03220540781815847
Gc,I,0.022434499114751816, 0.03202508265773455
Gc,V,0.03896968439221382, 0.03510991235574087
Gc,F,0.01755480282008648, 0.034904345870018005
Gc,S,0.044503580778837204, 0.036706211873226695
Gc,P,0.036620449274778366, 0.035548721336656146
Gc,Q,0.04943922534584999, 0.03538545365962717
Gc,I,0.04585562273859978, 0.03367133562763532
Gc,K,0.03513967618346214, 0.03288065404113796
Gc,N,0.029420951381325722, 0.03140330035239458
Gc,Y,0.02096509002149105, 0.028188305855211284
Gc,N,0.023542622104287148, 0.025941403427471716
Gc,I,0.010438668541610241, 0.022049328570978508
Gc,K,0.03120739758014679, 0.02178081212979224
Gc,V,0.007685498800128698, 0.02135905587217874
Gc,H,0.029217103496193886, 0.02305378873522083
Gc,C,0.010826949030160904, 0.02391741347188751
Gc,K,0.03272302821278572, 0.027404806421448786
Gc,S,0.025625145062804222, 0.02751648358793722
Gc,K,0.03621768578886986, 0.027735018378330603
Gc,V,0.03131524473428726, 0.02795692440122366
Gc,E,0.04182520508766174, 0.027240427159186866
Gc,K,0.03221249207854271, 0.02728175801328487
Gc,I,0.00965231191366911, 0.025175312120053504
Gc,T,0.031214257702231407, 0.02280961277170314
Gc,A,0.004378473851829767, 0.021862166933715343
Gc,H,0.03309500589966774, 0.023146066297259595
Gc,I,0.006667132023721933, 0.024507249291572306
Gc,C,0.014926391653716564, 0.026374091911647055
Gc,G,0.022788232192397118, 0.02841549615065257
Gc,R,0.05338029935956001, 0.030004277773615386
Gc,D,0.0444631390273571, 0.03165338224627905
Gc,I,0.02645389549434185, 0.03381400482936038
Gc,D,0.04958689585328102, 0.03592158460782634
Gc,L,0.01867750845849514, 0.0354767350686921
Gc,Q,0.04793694615364075, 0.03350255638360977
Gc,L,0.026112735271453857, 0.03130552855630716
Gc,T,0.0338946096599102, 0.032905796749724284
Gc,I,0.01878458634018898, 0.031275275266832776
Gc,K,0.035612691193819046, 0.03231443733804756
Gc,P,0.024689888581633568, 0.032196845652328596
Gc,Y,0.04085630923509598, 0.03235274718867408
Gc,N,0.03491220250725746, 0.03266993868682119
Gc,Q,0.028029967099428177, 0.03476117965247896
Gc,K,0.046878620982170105, 0.03622841007179684
Gc,I,0.027515849098563194, 0.03913024585280153
Gc,D,0.03674933314323425, 0.0389916037933694
Gc,L,0.037605755031108856, 0.040733773882190384
Gc,S,0.04881776496767998, 0.044163940474390984
Gc,Q,0.05080641061067581, 0.045182007261448436
Gc,L,0.03960853070020676, 0.0490584634244442
Gc,D,0.05059173330664635, 0.05167620090974702
Gc,E,0.05890146642923355, 0.0530968995557891
Gc,S,0.05604122206568718, 0.05457983828253216
Gc,N,0.062403954565525055, 0.05546941111485163
Gc,Y,0.060308970510959625, 0.05777279784282049
Gc,I,0.050392042845487595, 0.05767832820614179
Gc,R,0.06216421350836754, 0.05641215874089135
Gc,E,0.058812566101551056, 0.055393477694855794
Gc,E,0.06033901125192642, 0.05269219477971395
Gc,D,0.049741506576538086, 0.05047867405745718
Gc,L,0.0475059412419796, 0.04961791510383288
Gc,Q,0.04687309265136719, 0.04655136954453257
Gc,C,0.03809240832924843, 0.04216331760916445
Gc,G,0.04038728401064873, 0.0387977949447102
Gc,T,0.04264521226286888, 0.037623523424069084
Gc,W,0.03456530347466469, 0.034524372675352626
Gc,L,0.01932009868323803, 0.03334950593610605
Gc,C,0.030049307271838188, 0.034899424554573164
Gc,K,0.03917306289076805, 0.03604571748938826
Gc,V,0.019613584503531456, 0.034703262978129916
Gc,Q,0.036299291998147964, 0.032487388596766524
Gc,K,0.0520416758954525, 0.034120383465455636
Gc,E,0.05070392042398453, 0.03437049966305494
Gc,G,0.030563121661543846, 0.031604437985354
Gc,I,0.014622434042394161, 0.030891776809261903
Gc,D,0.03401705250144005, 0.031500367965135306
Gc,I,0.032300353050231934, 0.028574464118315115
Gc,I,0.01427850779145956, 0.024142790792716876
Gc,F,0.013199633918702602, 0.022195486455327935
Gc,K,0.041776612401008606, 0.02480935470925437
Gc,G,0.02570854127407074, 0.023465143516659737
Gc,L,0.010818860493600368, 0.021224193792376254
Gc,F,0.013037382625043392, 0.022058420297172334
Gc,S,0.038147248327732086, 0.024901075185173087
Gc,G,0.02191915176808834, 0.021883168671694066
Gc,L,0.012131805531680584, 0.020386862568557262
Gc,G,0.02178654633462429, 0.021215295212136373
Gc,R,0.03878352791070938, 0.02089543030079868
Gc,Y,0.014615453779697418, 0.017255747742536996
Gc,W,0.0122417863458395, 0.015825796820637252
Gc,T,0.018274754285812378, 0.015726556949731376
Gc,I,0.01015859842300415, 0.013927823967403836
Gc,L,0.005390105303376913, 0.010134759721242718
Gc,I,0.009049593470990658, 0.009097014657325216
Gc,Y,0.011238646693527699, 0.008354337213353978
Gc,S,0.005597949493676424, 0.006855589596347677
Gc,I,0.004645949695259333, 0.006279636691841815
Gc,I,0.0052757482044398785, 0.0062190813736783136
Gc,G,0.0055576893500983715, 0.0058124264598720604
Gc,V,0.004786025732755661, 0.005428182789021068
Gc,V,0.004975022282451391, 0.005506201078080469
Gc,I,0.004845107439905405, 0.005651371657020516
Gc,I,0.005389699246734381, 0.006313233688059781
Gc,V,0.007780453655868769, 0.007564007822010253
Gc,I,0.006300114095211029, 0.008044730561474958
Gc,L,0.005952484905719757, 0.008272384914259115
Gc,V,0.011232506483793259, 0.009271260816603899
Gc,Y,0.01681465655565262, 0.0108636064040992
Gc,I,0.009112530387938023, 0.011077948173301088
Gc,L,0.007023911457508802, 0.011314621039976677
Gc,L,0.013834990561008453, 0.014116071009387573
Gc,P,0.019720809534192085, 0.014683721638802025
Gc,I,0.00970952957868576, 0.014080110989097092
Gc,G,0.008430169895291328, 0.01514084507814712
Gc,R,0.031165534630417824, 0.017057478841808107
Gc,L,0.01634136214852333, 0.018321097931928106
Gc,L,0.01138216070830822, 0.018562123800317448
Gc,K,0.018659137189388275, 0.020141034283571772
Gc,A,0.024273615330457687, 0.0232088350587421
Gc,F,0.025207562372088432, 0.024156607480512723
Gc,L,0.02189004234969616, 0.025757590515746012
Gc,I,0.0239197239279747, 0.026835755962464545
Gc,R,0.036040376871824265, 0.029148199285070103
Gc,H,0.039695486426353455, 0.031657828431990415
Gc,E,0.030750209465622902, 0.031419492016235985
Gc,I,0.021085649728775024, 0.03243563365605143
Gc,E,0.03947112709283829, 0.03442577521006266
Gc,Y,0.04686027765274048, 0.03436776912874646
Gc,A,0.023062534630298615, 0.03352053173714214
Gc,M,0.031035317108035088, 0.03365110047161579
Gc,E,0.04183099791407585, 0.03471129035784139
Gc,Q,0.03551832213997841, 0.03032560956974824
Gc,K,0.0320703499019146, 0.025118912052777078
Gc,I,0.03192532807588577, 0.02255640820496612
Gc,K,0.030627358704805374, 0.019108039637406666